Root-label,Root,Model,Error distance (50%) mm,Error distance (90%) mm,Error distance (95%) mm,Error distance (99%) mm,Error distance (avg) mm,Error std mm,Vis Precision,Vis Recall,oks mAP,oks mAR,Median error (% root length),Average Root Length
Rice seminal (10 DAG),plantwise_split_rice_10do_main.v000,230312_191834.multi_instance.n=523,2.443545943,14.75616314,22.87186229,37.92271172,5.466297813,8.044030732,0.994160584,0.811358221,0.00825701,0.046464646,0.44163801984649825,553.2915721
Rice seminal (10 DAG),plantwise_split_rice_10do_main.v001,230312_200149.multi_instance.n=524,2.283829186,13.40211191,20.16812658,31.58253,4.853561429,6.827905019,0.995285243,0.809432515,0.017208205,0.072258065,0.4127713670627227,553.2915721
Rice seminal (10 DAG),plantwise_split_rice_10do_main.v002,230312_211833.multi_instance.n=530,2.11524027,14.34441586,21.2885834,35.22961223,4.987060494,7.363427148,0.994098712,0.797332186,0.018736681,0.076626506,0.3823011910287509,553.2915721
Rice seminal (3 DAG),plantwise_split_rice_3do_main.v000,230313_142345.multi_instance.n=783,0.652397744,4.507270785,8.570166749,43.88088622,2.367130541,6.768260649,0.992912828,0.90974026,0.028860098,0.109259259,0.19380034687488698,336.6339403
Rice seminal (3 DAG),plantwise_split_rice_3do_main.v001,230313_151546.multi_instance.n=787,0.703262101,3.28725012,6.339990265,22.82524015,1.836398805,4.873061673,0.996900826,0.889400922,0.02618062,0.103763441,0.20891004049480863,336.6339403
Rice seminal (3 DAG),plantwise_split_rice_3do_main.v002,230313_172259.multi_instance.n=796,0.630102243,7.238952132,17.48679181,44.43835823,3.072754253,8.001549503,0.997814208,0.903066271,0.0663213,0.167403315,0.18717727702633552,336.6339403
